Workbook

Sheet Read Me
A1: Škoda Storyboard – EDS migration: Template Test Cases
A3: Project | B3: Škoda Storyboard migration to AEM Edge Delivery Services (demo repo skoda-storyboard/demo)
A4: Document | B4: Template-level functional, UI (measured), responsive, accessibility, SEO and localization test cases
A5: Version / date | B5: v1.0 – 29 Oct 2026
A6: Prepared by | B6: QA
A7: Test environments | B7: Main live (primary): https://main--demo--skoda-storyboard.aem.live Main preview (unpublished pages): https://main--demo--skoda-storyboard.aem.page PR branch preview: https://<branch>--demo--skoda-storyboard.aem.page Source / oracle: https://www.skoda-storyboard.com
A8: §2 Standard pre-conditions (Std) | B8: 1. Chrome (latest), fresh incognito window or new profile per run – avoids cached 404s / stale scripts. 2. Add a cache-buster to main URLs: ?x=<random number>. 3. On the source, close / hide the cookie banner and newsletter pop-up before measuring. 4. DevTools open (Elements / Console / Network); device toolbar for viewports. 5. Content under test is published on .aem.live (check Last-Modified); otherwise test on .aem.page and note it.
A9: Execution style | B9: • Compare main vs source at the same viewport band: 375 (mobile), 768, 992, 1080 (spec bands), 1280 and 1440 (desktop). • Evidence = measured values: getComputedStyle (font, size, weight, colour, spacing) and getBoundingClientRect (width, height, left). Screenshots are only for a visual side-by-side look, never as the evidence. • Use real clicks and keys on every interaction (cart "+", each download size – videos also while playing, card / PDF links, rail Prev / Next with a layout re-check after the click, filter / sort / Load more, search, language switcher, menus). • Compare the h1–h6 heading outline (level + text) on main and source; any level mismatch is a defect unless the ticket records an accepted exception. • Run Lighthouse accessibility on the page and report new failures. • Shared code (header, footer, blocks used by several templates): repeat the checks on one page of each template. • Intended differences from the source go to the PR / ticket under "Deviations from origin" and stay open until a human (PO) approves them. • Found means filed: every defect becomes a GitHub issue (labels bug, type:qa) with main + source URLs, viewport, measured values and steps to reproduce.
A10: Status values | B10: Not Run · Pass · Fail · Blocked (page not delivered / not published / dependency) · N/A
A11: Test case priority | B11: High = core journey / content parity · Medium = secondary function or visual parity · Low = cosmetic / edge
A12: Defect priority | B12: P1 – blocks use (page / link 404, broken journey) P2 – missing content or visible layout defect P3 – visual / semantic difference (style, heading level, crop) P4 – minor, or needs a PO decision
A13: How to use | B13: 1. Filter "Test Cases" by Template. 2. Execute the steps; fill Actual Result, Status, Defect ID, Defect Priority, Executed By, Execution Date. 3. The "Summary" sheet counts results per template automatically. 4. "Test URLs" lists main + source URLs per template; "Known Defects" lists open issues to re-test.

Sheet Summary
A1: Template | B1: TC prefix | C1: Total TCs | D1: Pass | E1: Fail | F1: Blocked | G1: N/A | H1: Not Run | I1: Pass %
A2: Global shell (all templates) | B2: TC-GL | C2: =COUNTIF('Test Cases'!$B:$B,$A2) | D2: =COUNTIFS('Test Cases'!$B:$B,$A2,'Test Cases'!$P:$P,"Pass") | E2: =COUNTIFS('Test Cases'!$B:$B,$A2,'Test Cases'!$P:$P,"Fail") | F2: =COUNTIFS('Test Cases'!$B:$B,$A2,'Test Cases'!$P:$P,"Blocked") | G2: =COUNTIFS('Test Cases'!$B:$B,$A2,'Test Cases'!$P:$P,"N/A") | H2: =COUNTIFS('Test Cases'!$B:$B,$A2,'Test Cases'!$P:$P,"Not Run") | I2: =IF((C2-G2)=0,"",ROUND(D2/(C2-G2)*100,1)&"%")
A3: Storyboard home | B3: TC-HM | C3: =COUNTIF('Test Cases'!$B:$B,$A3) | D3: =COUNTIFS('Test Cases'!$B:$B,$A3,'Test Cases'!$P:$P,"Pass") | E3: =COUNTIFS('Test Cases'!$B:$B,$A3,'Test Cases'!$P:$P,"Fail") | F3: =COUNTIFS('Test Cases'!$B:$B,$A3,'Test Cases'!$P:$P,"Blocked") | G3: =COUNTIFS('Test Cases'!$B:$B,$A3,'Test Cases'!$P:$P,"N/A") | H3: =COUNTIFS('Test Cases'!$B:$B,$A3,'Test Cases'!$P:$P,"Not Run") | I3: =IF((C3-G3)=0,"",ROUND(D3/(C3-G3)*100,1)&"%")
A4: Media Room home | B4: TC-MRH | C4: =COUNTIF('Test Cases'!$B:$B,$A4) | D4: =COUNTIFS('Test Cases'!$B:$B,$A4,'Test Cases'!$P:$P,"Pass") | E4: =COUNTIFS('Test Cases'!$B:$B,$A4,'Test Cases'!$P:$P,"Fail") | F4: =COUNTIFS('Test Cases'!$B:$B,$A4,'Test Cases'!$P:$P,"Blocked") | G4: =COUNTIFS('Test Cases'!$B:$B,$A4,'Test Cases'!$P:$P,"N/A") | H4: =COUNTIFS('Test Cases'!$B:$B,$A4,'Test Cases'!$P:$P,"Not Run") | I4: =IF((C4-G4)=0,"",ROUND(D4/(C4-G4)*100,1)&"%")
A5: Story detail | B5: TC-ST | C5: =COUNTIF('Test Cases'!$B:$B,$A5) | D5: =COUNTIFS('Test Cases'!$B:$B,$A5,'Test Cases'!$P:$P,"Pass") | E5: =COUNTIFS('Test Cases'!$B:$B,$A5,'Test Cases'!$P:$P,"Fail") | F5: =COUNTIFS('Test Cases'!$B:$B,$A5,'Test Cases'!$P:$P,"Blocked") | G5: =COUNTIFS('Test Cases'!$B:$B,$A5,'Test Cases'!$P:$P,"N/A") | H5: =COUNTIFS('Test Cases'!$B:$B,$A5,'Test Cases'!$P:$P,"Not Run") | I5: =IF((C5-G5)=0,"",ROUND(D5/(C5-G5)*100,1)&"%")
A6: Press release | B6: TC-PR | C6: =COUNTIF('Test Cases'!$B:$B,$A6) | D6: =COUNTIFS('Test Cases'!$B:$B,$A6,'Test Cases'!$P:$P,"Pass") | E6: =COUNTIFS('Test Cases'!$B:$B,$A6,'Test Cases'!$P:$P,"Fail") | F6: =COUNTIFS('Test Cases'!$B:$B,$A6,'Test Cases'!$P:$P,"Blocked") | G6: =COUNTIFS('Test Cases'!$B:$B,$A6,'Test Cases'!$P:$P,"N/A") | H6: =COUNTIFS('Test Cases'!$B:$B,$A6,'Test Cases'!$P:$P,"Not Run") | I6: =IF((C6-G6)=0,"",ROUND(D6/(C6-G6)*100,1)&"%")
A7: Model page | B7: TC-MD | C7: =COUNTIF('Test Cases'!$B:$B,$A7) | D7: =COUNTIFS('Test Cases'!$B:$B,$A7,'Test Cases'!$P:$P,"Pass") | E7: =COUNTIFS('Test Cases'!$B:$B,$A7,'Test Cases'!$P:$P,"Fail") | F7: =COUNTIFS('Test Cases'!$B:$B,$A7,'Test Cases'!$P:$P,"Blocked") | G7: =COUNTIFS('Test Cases'!$B:$B,$A7,'Test Cases'!$P:$P,"N/A") | H7: =COUNTIFS('Test Cases'!$B:$B,$A7,'Test Cases'!$P:$P,"Not Run") | I7: =IF((C7-G7)=0,"",ROUND(D7/(C7-G7)*100,1)&"%")
A8: Category / tag listing | B8: TC-CT | C8: =COUNTIF('Test Cases'!$B:$B,$A8) | D8: =COUNTIFS('Test Cases'!$B:$B,$A8,'Test Cases'!$P:$P,"Pass") | E8: =COUNTIFS('Test Cases'!$B:$B,$A8,'Test Cases'!$P:$P,"Fail") | F8: =COUNTIFS('Test Cases'!$B:$B,$A8,'Test Cases'!$P:$P,"Blocked") | G8: =COUNTIFS('Test Cases'!$B:$B,$A8,'Test Cases'!$P:$P,"N/A") | H8: =COUNTIFS('Test Cases'!$B:$B,$A8,'Test Cases'!$P:$P,"Not Run") | I8: =IF((C8-G8)=0,"",ROUND(D8/(C8-G8)*100,1)&"%")
A9: Faceted listing (News / Images / Videos / Search / Press Kits) | B9: TC-FL | C9: =COUNTIF('Test Cases'!$B:$B,$A9) | D9: =COUNTIFS('Test Cases'!$B:$B,$A9,'Test Cases'!$P:$P,"Pass") | E9: =COUNTIFS('Test Cases'!$B:$B,$A9,'Test Cases'!$P:$P,"Fail") | F9: =COUNTIFS('Test Cases'!$B:$B,$A9,'Test Cases'!$P:$P,"Blocked") | G9: =COUNTIFS('Test Cases'!$B:$B,$A9,'Test Cases'!$P:$P,"N/A") | H9: =COUNTIFS('Test Cases'!$B:$B,$A9,'Test Cases'!$P:$P,"Not Run") | I9: =IF((C9-G9)=0,"",ROUND(D9/(C9-G9)*100,1)&"%")
A10: Media cart | B10: TC-MC | C10: =COUNTIF('Test Cases'!$B:$B,$A10) | D10: =COUNTIFS('Test Cases'!$B:$B,$A10,'Test Cases'!$P:$P,"Pass") | E10: =COUNTIFS('Test Cases'!$B:$B,$A10,'Test Cases'!$P:$P,"Fail") | F10: =COUNTIFS('Test Cases'!$B:$B,$A10,'Test Cases'!$P:$P,"Blocked") | G10: =COUNTIFS('Test Cases'!$B:$B,$A10,'Test Cases'!$P:$P,"N/A") | H10: =COUNTIFS('Test Cases'!$B:$B,$A10,'Test Cases'!$P:$P,"Not Run") | I10: =IF((C10-G10)=0,"",ROUND(D10/(C10-G10)*100,1)&"%")
A11: Company pages | B11: TC-CO | C11: =COUNTIF('Test Cases'!$B:$B,$A11) | D11: =COUNTIFS('Test Cases'!$B:$B,$A11,'Test Cases'!$P:$P,"Pass") | E11: =COUNTIFS('Test Cases'!$B:$B,$A11,'Test Cases'!$P:$P,"Fail") | F11: =COUNTIFS('Test Cases'!$B:$B,$A11,'Test Cases'!$P:$P,"Blocked") | G11: =COUNTIFS('Test Cases'!$B:$B,$A11,'Test Cases'!$P:$P,"N/A") | H11: =COUNTIFS('Test Cases'!$B:$B,$A11,'Test Cases'!$P:$P,"Not Run") | I11: =IF((C11-G11)=0,"",ROUND(D11/(C11-G11)*100,1)&"%")
A12: Generic page | B12: TC-GP | C12: =COUNTIF('Test Cases'!$B:$B,$A12) | D12: =COUNTIFS('Test Cases'!$B:$B,$A12,'Test Cases'!$P:$P,"Pass") | E12: =COUNTIFS('Test Cases'!$B:$B,$A12,'Test Cases'!$P:$P,"Fail") | F12: =COUNTIFS('Test Cases'!$B:$B,$A12,'Test Cases'!$P:$P,"Blocked") | G12: =COUNTIFS('Test Cases'!$B:$B,$A12,'Test Cases'!$P:$P,"N/A") | H12: =COUNTIFS('Test Cases'!$B:$B,$A12,'Test Cases'!$P:$P,"Not Run") | I12: =IF((C12-G12)=0,"",ROUND(D12/(C12-G12)*100,1)&"%")
A13: Series directory + series hub | B13: TC-SE | C13: =COUNTIF('Test Cases'!$B:$B,$A13) | D13: =COUNTIFS('Test Cases'!$B:$B,$A13,'Test Cases'!$P:$P,"Pass") | E13: =COUNTIFS('Test Cases'!$B:$B,$A13,'Test Cases'!$P:$P,"Fail") | F13: =COUNTIFS('Test Cases'!$B:$B,$A13,'Test Cases'!$P:$P,"Blocked") | G13: =COUNTIFS('Test Cases'!$B:$B,$A13,'Test Cases'!$P:$P,"N/A") | H13: =COUNTIFS('Test Cases'!$B:$B,$A13,'Test Cases'!$P:$P,"Not Run") | I13: =IF((C13-G13)=0,"",ROUND(D13/(C13-G13)*100,1)&"%")
... A18: Custom microsite (deferred) | B18: TC-CM | C18: =COUNTIF('Test Cases'!$B:$B,$A18) | D18: =COUNTIFS('Test Cases'!$B:$B,$A18,'Test Cases'!$P:$P,"Pass") | E18: =COUNTIFS('Test Cases'!$B:$B,$A18,'Test Cases'!$P:$P,"Fail") | F18: =COUNTIFS('Test Cases'!$B:$B,$A18,'Test Cases'!$P:$P,"Blocked") | G18: =COUNTIFS('Test Cases'!$B:$B,$A18,'Test Cases'!$P:$P,"N/A") | H18: =COUNTIFS('Test Cases'!$B:$B,$A18,'Test Cases'!$P:$P,"Not Run") | I18: =IF((C18-G18)=0,"",ROUND(D18/(C18-G18)*100,1)&"%")
A19: Total | C19: =SUM(C2:C18) | D19: =SUM(D2:D18) | E19: =SUM(E2:E18) | F19: =SUM(F2:F18) | G19: =SUM(G2:G18) | H19: =SUM(H2:H18) | I19: =IF((C19-G19)=0,"",ROUND(D19/(C19-G19)*100,1)&"%")

Sheet Test Cases
A1: TC ID | B1: Template | C1: Component / Area | D1: Test Scenario | E1: Test Case Title | F1: Pre-conditions | G1: Test Steps | H1: Test URL (main live) | I1: Source URL (reference) | J1: Expected Result | K1: Viewport(s) px | L1: Test Type | M1: Priority | N1: Ticket / Spec ref | O1: Actual Result | P1: Status | Q1: Defect ID | R1: Defect Priority (P1–P4) | S1: Executed By | T1: Execution Date | U1: Comments
A2: TC-GL-001 | B2: Global shell (all templates) | C2: Page load | D2: Every template returns HTTP 200 on live | E2: Starred pages load on main live | F2: Std pre-conditions (Read Me §2) | G2: 1. Open the main URL(s) and the source URL(s) side by side (fresh incognito window, main with ?x=<random>; close cookie / newsletter pop-ups on the source). 2. Set the viewport to: 1280, 1440. 3. Open each main URL in the "Test URLs" sheet (fresh incognito window, add ?x=<random>). 4. In DevTools > Network, check the document status. 5. Run document.documentElement.lang in the Console. 6. Record the measured values (main vs source) in "Actual Result"; raise a GitHub issue for any difference and enter its number in "Defect ID". | H2: https://main--demo--skoda-storyboard.aem.live/en https://main--demo--skoda-storyboard.aem.live/en/media-room https://main--demo--skoda-storyboard.aem.live/en/emobility/skoda-epiq-will-win-you-over-in-just-a-few-seconds https://main--demo--skoda-storyboard.aem.live/en/press-releases/skoda-auto-klaus-zellmer-to-leave-the-company https://main--demo--skoda-storyboard.aem.live/en/skoda-model/epiq https://main--demo--skoda-storyboard.aem.live/en/press-kits/skoda-peaq-press-kit-2 https://main--demo--skoda-storyboard.aem.live/en/series/130-years | I2: https://www.skoda-storyboard.com/en/ https://www.skoda-storyboard.com/en/media-room/ https://www.skoda-storyboard.com/en/emobility/skoda-epiq-will-win-you-over-in-just-a-few-seconds/ https://www.skoda-storyboard.com/en/press-releases/skoda-auto-klaus-zellmer-to-leave-the-company/ https://www.skoda-storyboard.com/en/skoda-model/epiq/ https://www.skoda-storyboard.com/en/press-kits/skoda-peaq-press-kit-2/ https://www.skoda-storyboard.com/en/series/130-years/ | J2: Each page returns 200 (not 404 / 5xx); html lang = "en-GB", the same as the source. | K2: 1280, 1440 | L2: Functional / Smoke | M2: High | N2: #74, #85; header-megamenu.md, mobile-nav.md, footer.md, footer-mediaroom.md, language-switcher.md, social-share.md | P2: Not Run
A3: TC-GL-002 | B3: Global shell (all templates) | C3: URLs | D3: Old links with a trailing slash still work | E3: Trailing-slash URL opens the page | F3: Std pre-conditions (Read Me §2) | G3: 1. Open the main URL(s) and the source URL(s) side by side (fresh incognito window, main with ?x=<random>; close cookie / newsletter pop-ups on the source). 2. Set the viewport to: 1280, 1440. 3. Open each URL with a trailing "/" (e.g. /en/, /en/news/, /en/skoda-model/epiq/). 4. Open the same URL on the source. 5. Record the measured values (main vs source) in "Actual Result"; raise a GitHub issue for any difference and enter its number in "Defect ID". | H3: https://main--demo--skoda-storyboard.aem.live/en/ https://main--demo--skoda-storyboard.aem.live/en/news/ https://main--demo--skoda-storyboard.aem.live/en/skoda-model/epiq/ | I3: https://www.skoda-storyboard.com/en// https://www.skoda-storyboard.com/en/news// https://www.skoda-storyboard.com/en/skoda-model/epiq// | J3: The page opens (200 or a 301 to the slash-less URL), as on the source. Not "Page not found". | K3: 1280, 1440 | L3: Functional / Negative | M3: High | N3: #505, #402; header-megamenu.md, mobile-nav.md, footer.md, footer-mediaroom.md, language-switcher.md, social-share.md | P3: Not Run
A4: TC-GL-003 | B4: Global shell (all templates) | C4: URLs | D4: Root redirect | E4: Site root redirects to the English home | F4: Std pre-conditions (Read Me §2) | G4: 1. Open the main URL(s) and the source URL(s) side by side (fresh incognito window, main with ?x=<random>; close cookie / newsletter pop-ups on the source). 2. Set the viewport to: 1280, 1440. 3. Open the main root URL "/". 4. Check the final URL and the redirect status in Network. 5. Record the measured values (main vs source) in "Actual Result"; raise a GitHub issue for any difference and enter its number in "Defect ID". | H4: https://main--demo--skoda-storyboard.aem.live/ | I4: https://www.skoda-storyboard.com/ | J4: The root redirects (301) to /en. Note: the source redirects by browser language; the demo always goes to /en (PO-accepted deviation). | K4: 1280, 1440 | L4: Functional | M4: Medium | N4: #85 (SKODA-1003); header-megamenu.md, mobile-nav.md, footer.md, footer-mediaroom.md, language-switcher.md, social-share.md | P4: Not Run
A5: TC-GL-004 | B5: Global shell (all templates) | C5: SEO / meta | D5: Page title format | E5: Browser tab title has the site suffix | F5: Std pre-conditions (Read Me §2) | G5: 1. Open the main URL(s) and the source URL(s) side by side (fresh incognito window, main with ?x=<random>; close cookie / newsletter pop-ups on the source). 2. Set the viewport to: 1280, 1440. 3. Run document.title on main and source for each template URL. 4. Record the measured values (main vs source) in "Actual Result"; raise a GitHub issue for any difference and enter its number in "Defect ID". | H5: https://main--demo--skoda-storyboard.aem.live/en/images https://main--demo--skoda-storyboard.aem.live/en/emobility/skoda-epiq-will-win-you-over-in-just-a-few-seconds https://main--demo--skoda-storyboard.aem.live/en/press-releases/skoda-auto-klaus-zellmer-to-leave-the-company https://main--demo--skoda-storyboard.aem.live/en/skoda-model/epiq | I5: https://www.skoda-storyboard.com/en/images/ https://www.skoda-storyboard.com/en/emobility/skoda-epiq-will-win-you-over-in-just-a-few-seconds/ https://www.skoda-storyboard.com/en/press-releases/skoda-auto-klaus-zellmer-to-leave-the-company/ https://www.skoda-storyboard.com/en/skoda-model/epiq/ | J5: Title = "<Page title> - Škoda Storyboard", the same as the source. | K5: 1280, 1440 | L5: SEO | M5: Medium | N5: #420; header-megamenu.md, mobile-nav.md, footer.md, footer-mediaroom.md, language-switcher.md, social-share.md | P5: Not Run
A6: TC-GL-005 | B6: Global shell (all templates) | C6: SEO / meta | D6: Meta tags | E6: Description, og:image, canonical and robots present | F6: Std pre-conditions (Read Me §2) | G6: 1. Open the main URL(s) and the source URL(s) side by side (fresh incognito window, main with ?x=<random>; close cookie / newsletter pop-ups on the source). 2. Set the viewport to: 1280, 1440. 3. In DevTools > Elements <head>, check meta description, og:title / og:image, link rel=canonical and meta robots. 4. Compare with the source. 5. Record the measured values (main vs source) in "Actual Result"; raise a GitHub issue for any difference and enter its number in "Defect ID". | H6: https://main--demo--skoda-storyboard.aem.live/en/emobility/skoda-epiq-will-win-you-over-in-just-a-few-seconds https://main--demo--skoda-storyboard.aem.live/en/press-releases/skoda-auto-klaus-zellmer-to-leave-the-company https://main--demo--skoda-storyboard.aem.live/en/skoda-model/epiq https://main--demo--skoda-storyboard.aem.live/en/news | I6: https://www.skoda-storyboard.com/en/emobility/skoda-epiq-will-win-you-over-in-just-a-few-seconds/ https://www.skoda-storyboard.com/en/press-releases/skoda-auto-klaus-zellmer-to-leave-the-company/ https://www.skoda-storyboard.com/en/skoda-model/epiq/ https://www.skoda-storyboard.com/en/news/ | J6: Description and og:image are present; canonical points to the page on the live host; robots does not block indexing. | K6: 1280, 1440 | L6: SEO | M6: Medium | N6: SKODA-401; header-megamenu.md, mobile-nav.md, footer.md, footer-mediaroom.md, language-switcher.md, social-share.md | P6: Not Run
A7: TC-GL-006 | B7: Global shell (all templates) | C7: Header STO | D7: Storyboard header: menu items | E7: Storyboard menu items and order equal the source | F7: Std pre-conditions (Read Me §2) | G7: 1. Open the main URL(s) and the source URL(s) side by side (fresh incognito window, main with ?x=<random>; close cookie / newsletter pop-ups on the source). 2. Set the viewport to: 1280, 1440. 3. Open a Storyboard page at 1280. 4. List the top-menu items left to right. 5. Hover each item and list its dropdown links. 6. Record the measured values (main vs source) in "Actual Result"; raise a GitHub issue for any difference and enter its number in "Defect ID". | H7: https://main--demo--skoda-storyboard.aem.live/en https://main--demo--skoda-storyboard.aem.live/en/emobility/skoda-epiq-will-win-you-over-in-just-a-few-seconds | I7: https://www.skoda-storyboard.com/en/ https://www.skoda-storyboard.com/en/emobility/skoda-epiq-will-win-you-over-in-just-a-few-seconds/ | J7: Menu = Models / eMobility / Lifestyle / Škoda World / Series / Škodapedia / Podcast with the same dropdown items and order as the source. | K7: 1280, 1440 | L7: Functional / Content | M7: High | N7: header-megamenu.md; header-megamenu.md, mobile-nav.md, footer.md, footer-mediaroom.md, language-switcher.md, social-share.md | P7: Not Run
A8: TC-GL-007 | B8: Global shell (all templates) | C8: Header STO | D8: Header geometry and typography | E8: Header height, font and colours equal the source | F8: Std pre-conditions (Read Me §2) | G8: 1. Open the main URL(s) and the source URL(s) side by side (fresh incognito window, main with ?x=<random>; close cookie / newsletter pop-ups on the source). 2. Set the viewport to: 375, 768, 992, 1080, 1280, 1440. 3. At each viewport, measure the header box (getBoundingClientRect height). 4. Measure the first menu item: font-family / size / weight / color. 5. Record the measured values (main vs source) in "Actual Result"; raise a GitHub issue for any difference and enter its number in "Defect ID". | H8: https://main--demo--skoda-storyboard.aem.live/en | I8: https://www.skoda-storyboard.com/en/ | J8: Header height and menu font equal the source (e.g. Skoda Next 16px / 400, rgb(22, 23, 24)), ±1px. | K8: 375, 768, 992, 1080, 1280, 1440 | L8: UI (measured) | M8: Medium | N8: header-megamenu.md; header-megamenu.md, mobile-nav.md, footer.md, footer-mediaroom.md, language-switcher.md, social-share.md | P8: Not Run
A9: TC-GL-008 | B9: Global shell (all templates) | C9: Header STO | D9: Megamenu: mouse and keyboard | E9: Dropdowns open by hover and keyboard, close with Escape | F9: Std pre-conditions (Read Me §2) | G9: 1. Open the main URL(s) and the source URL(s) side by side (fresh incognito window, main with ?x=<random>; close cookie / newsletter pop-ups on the source). 2. Set the viewport to: 1280, 1440. 3. Hover "Models": the dropdown opens. 4. Tab to "Models" and press Enter / Space: the dropdown opens. 5. Press Escape: it closes and focus returns to "Models". 6. Click a dropdown link: the target page opens in the same tab (200). 7. Record the measured values (main vs source) in "Actual Result"; raise a GitHub issue for any difference and enter its number in "Defect ID". | H9: https://main--demo--skoda-storyboard.aem.live/en | I9: https://www.skoda-storyboard.com/en/ | J9: Same behaviour as the source; every dropdown link resolves (200). | K9: 1280, 1440 | L9: Functional / Accessibility | M9: High | N9: header-megamenu.md; header-megamenu.md, mobile-nav.md, footer.md, footer-mediaroom.md, language-switcher.md, social-share.md | P9: Not Run
A10: TC-GL-009 | B10: Global shell (all templates) | C10: Header | D10: Section switcher | E10: Stories | Media Room switch changes the side | F10: Std pre-conditions (Read Me §2) | G10: 1. Open the main URL(s) and the source URL(s) side by side (fresh incognito window, main with ?x=<random>; close cookie / newsletter pop-ups on the source). 2. Set the viewport to: 1280, 1440. 3. On a Storyboard page click "Media Room" in the top bar. 4. Then click "Stories". 5. Record the measured values (main vs source) in "Actual Result"; raise a GitHub issue for any difference and enter its number in "Defect ID". | H10: https://main--demo--skoda-storyboard.aem.live/en | I10: https://www.skoda-storyboard.com/en/ | J10: "Media Room" opens /en/media-room with the Media Room menu (News / Press Kits / Models / Images / Videos / Company / Škodapedia); "Stories" opens /en with the Storyboard menu. | K10: 1280, 1440 | L10: Functional | M10: High | N10: header-megamenu.md §3; header-megamenu.md, mobile-nav.md, footer.md, footer-mediaroom.md, language-switcher.md, social-share.md | P10: Not Run
A11: TC-GL-010 | B11: Global shell (all templates) | C11: Header MR | D11: Media Room menu: Company submenu | E11: Company submenu links open the right page | F11: Std pre-conditions (Read Me §2) | G11: 1. Open the main URL(s) and the source URL(s) side by side (fresh incognito window, main with ?x=<random>; close cookie / newsletter pop-ups on the source). 2. Set the viewport to: 1280, 1440. 3. Open the Media Room home at 1280. 4. Hover "Company" and click each item: Contacts, Newsletter, Management, Company Logo, Mobile App. 5. Note same tab / new tab and the status of the target. 6. Record the measured values (main vs source) in "Actual Result"; raise a GitHub issue for any difference and enter its number in "Defect ID". | H11: https://main--demo--skoda-storyboard.aem.live/en/media-room | I11: https://www.skoda-storyboard.com/en/media-room/ | J11: Contacts and Newsletter open the demo page in the same tab (200). Items not migrated yet open the source in a new tab. No item leads to "Page not found". | K11: 1280, 1440 | L11: Functional | M11: High | N11: #71, #365; header-megamenu.md, mobile-nav.md, footer.md, footer-mediaroom.md, language-switcher.md, social-share.md | P11: Not Run
A12: TC-GL-011 | B12: Global shell (all templates) | C12: Mobile nav | D12: Hamburger menu (<1080) | E12: Mobile drawer opens, expands sub-menus and closes | F12: Std pre-conditions (Read Me §2) | G12: 1. Open the main URL(s) and the source URL(s) side by side (fresh incognito window, main with ?x=<random>; close cookie / newsletter pop-ups on the source). 2. Set the viewport to: 375, 768, 992. 3. At 375 / 768 / 992 click the menu button. 4. Check its aria-label changes "Open navigation" → "Close navigation". 5. Expand a sub-menu (Models), then collapse it. 6. Press Escape / click the close button. 7. Record the measured values (main vs source) in "Actual Result"; raise a GitHub issue for any difference and enter its number in "Defect ID". | H12: https://main--demo--skoda-storyboard.aem.live/en https://main--demo--skoda-storyboard.aem.live/en/media-room | I12: https://www.skoda-storyboard.com/en/ https://www.skoda-storyboard.com/en/media-room/ | J12: Drawer opens and closes, sub-menus toggle, focus stays inside the drawer while open, and labels equal the source. | K12: 375, 768, 992 | L12: Functional / Responsive / Accessibility | M12: High | N12: mobile-nav.md; header-megamenu.md, mobile-nav.md, footer.md, footer-mediaroom.md, language-switcher.md, social-share.md | P12: Not Run
A13: TC-GL-012 | B13: Global shell (all templates) | C13: Header search | D13: Search suggestions | E13: Typing in header search shows suggestions from the locale index | F13: Std pre-conditions (Read Me §2) | G13: 1. Open the main URL(s) and the source URL(s) side by side (fresh incognito window, main with ?x=<random>; close cookie / newsletter pop-ups on the source). 2. Set the viewport to: 1280, 1440. 3. Click the search (magnifier) icon in the header. 4. Type "epiq" slowly. 5. Check the suggestions, then click the first one. 6. Repeat and type "stories" (negative check). 7. Record the measured values (main vs source) in "Actual Result"; raise a GitHub issue for any difference and enter its number in "Defect ID". | H13: https://main--demo--skoda-storyboard.aem.live/en https://main--demo--skoda-storyboard.aem.live/en/emobility/skoda-epiq-will-win-you-over-in-just-a-few-seconds | I13: https://www.skoda-storyboard.com/en/ https://www.skoda-storyboard.com/en/emobility/skoda-epiq-will-win-you-over-in-just-a-few-seconds/ | J13: Suggestions are migrated pages only, and clicking one opens it on the demo in the same tab. No "nav" / "footer" fragments are suggested. | K13: 1280, 1440 | L13: Functional | M13: High | N13: #499, #83; header-megamenu.md, mobile-nav.md, footer.md, footer-mediaroom.md, language-switcher.md, social-share.md | P13: Not Run
... A126: TC-CM-001 | B126: Custom microsite (deferred) | C126: Microsite | D126: Event gallery / campaign page | E126: Microsite content and gallery | F126: Deferred (SKODA-210): mark Blocked until a page is delivered. | G126: 1. Open the main URL(s) and the source URL(s) side by side (fresh incognito window, main with ?x=<random>; close cookie / newsletter pop-ups on the source). 2. Set the viewport to: 375, 768, 992, 1080, 1280, 1440. 3. Open the agreed microsite URL; compare content and the gallery grid; open the lightbox. 4. Record the measured values (main vs source) in "Actual Result"; raise a GitHub issue for any difference and enter its number in "Defect ID". | H126: To be provided when delivered | I126: — | J126: Equal to the source. | K126: 375, 768, 992, 1080, 1280, 1440 | L126: Functional / Content | M126: Low | N126: SKODA-210; custom-microsite.md | P126: Not Run

Sheet Test URLs
A1: Template | B1: Main live URL | C1: Source URL
A2: Global shell (all templates) | B2: https://main--demo--skoda-storyboard.aem.live/en | C2: https://www.skoda-storyboard.com/en/
A3: Global shell (all templates) | B3: https://main--demo--skoda-storyboard.aem.live/en/media-room | C3: https://www.skoda-storyboard.com/en/media-room/
A4: Global shell (all templates) | B4: https://main--demo--skoda-storyboard.aem.live/en/emobility/skoda-epiq-will-win-you-over-in-just-a-few-seconds | C4: https://www.skoda-storyboard.com/en/emobility/skoda-epiq-will-win-you-over-in-just-a-few-seconds/
A5: Global shell (all templates) | B5: https://main--demo--skoda-storyboard.aem.live/en/press-releases/skoda-auto-klaus-zellmer-to-leave-the-company | C5: https://www.skoda-storyboard.com/en/press-releases/skoda-auto-klaus-zellmer-to-leave-the-company/
A6: Global shell (all templates) | B6: https://main--demo--skoda-storyboard.aem.live/en/skoda-model/epiq | C6: https://www.skoda-storyboard.com/en/skoda-model/epiq/
A7: Global shell (all templates) | B7: https://main--demo--skoda-storyboard.aem.live/en/press-kits/skoda-peaq-press-kit-2 | C7: https://www.skoda-storyboard.com/en/press-kits/skoda-peaq-press-kit-2/
A8: Global shell (all templates) | B8: https://main--demo--skoda-storyboard.aem.live/en/series/130-years | C8: https://www.skoda-storyboard.com/en/series/130-years/
A9: Global shell (all templates) | B9: https://main--demo--skoda-storyboard.aem.live/en/ | C9: https://www.skoda-storyboard.com/en//
A10: Global shell (all templates) | B10: https://main--demo--skoda-storyboard.aem.live/en/news/ | C10: https://www.skoda-storyboard.com/en/news//
A11: Global shell (all templates) | B11: https://main--demo--skoda-storyboard.aem.live/en/skoda-model/epiq/ | C11: https://www.skoda-storyboard.com/en/skoda-model/epiq//
A12: Global shell (all templates) | B12: https://main--demo--skoda-storyboard.aem.live/ | C12: https://www.skoda-storyboard.com/
... A87: Škodapedia (M2) | B87: https://main--demo--skoda-storyboard.aem.live/en/skodapedia | C87: https://www.skoda-storyboard.com/en/skodapedia/

Sheet Known Defects
A1: Issue | B1: Priority | C1: Template / Area | D1: Summary | E1: Main URL | F1: Source URL
A2: #505 | B2: P1 | C2: Global – URLs | D2: URLs ending with "/" show "Page not found" | E2: https://main--demo--skoda-storyboard.aem.live/en/news/ | F2: https://www.skoda-storyboard.com/en/news/
A3: #506 | B3: P2 | C3: Story detail | D3: Slavia story: Related Stories band missing (−354px) | E3: https://main--demo--skoda-storyboard.aem.live/en/skoda-world/the-new-skoda-slavia-features-a-refreshed-look-and-an-exclusive-colour | F3: https://www.skoda-storyboard.com/en/skoda-world/the-new-skoda-slavia-features-a-refreshed-look-and-an-exclusive-colour/
A4: #507 | B4: P3 | C4: Story detail | D4: Explore more teaser titles h3 (source h2), 19 stories | E4: https://main--demo--skoda-storyboard.aem.live/en/emobility/skoda-epiq-will-win-you-over-in-just-a-few-seconds | F4: https://www.skoda-storyboard.com/en/emobility/skoda-epiq-will-win-you-over-in-just-a-few-seconds/
A5: #508 | B5: P3 | C5: Story detail | D5: Sunroof story: Explore more / Tags / Media Box / Related Stories h2 (source h3) | E5: https://main--demo--skoda-storyboard.aem.live/en/emobility/a-custom-made-sunroof-walkie-talkies-and-champagne-the-skoda-peaq-at-the-tour-de-france | F5: https://www.skoda-storyboard.com/en/emobility/a-custom-made-sunroof-walkie-talkies-and-champagne-the-skoda-peaq-at-the-tour-de-france/
A6: #295 | B6: P3 | C6: Story / PR Media Box | D6: Downloads Media Box title shows part of a 3rd line | E6: https://main--demo--skoda-storyboard.aem.live/en/lifestyle/skodas-smarter-wireless-charging-goes-beyond-phones | F6: https://www.skoda-storyboard.com/en/lifestyle/skodas-smarter-wireless-charging-goes-beyond-phones/
A7: #83 | B7: P2 | C7: Localization | D7: Nav / footer fragments in locale indexes and search; hreflang only on the Epiq cluster | E7: https://main--demo--skoda-storyboard.aem.live/cs/e-mobilita-cs/skoda-epiq-nove-obleka-efektni-soupravu-sportline | F7: https://www.skoda-storyboard.com/cs/e-mobilita-cs/skoda-epiq-nove-obleka-efektni-soupravu-sportline/
A8: #85 | B8: P2 | C8: Localization | D8: CS listing 0 results; SK header subscribe missing; language homes 404 | E8: https://main--demo--skoda-storyboard.aem.live/cs/tiskove-zpravy | F8: https://www.skoda-storyboard.com/cs/tiskove-zpravy/
A9: #420 | B9: P3 | C9: Global – SEO | D9: Title lacks " - Škoda Storyboard" | E9: https://main--demo--skoda-storyboard.aem.live/en/images | F9: https://www.skoda-storyboard.com/en/images/
A10: #76 | B10: P3 | C10: Branded 404 | D10: Branded 404 variants not shown; %20 URL plain 404 | E10: https://main--demo--skoda-storyboard.aem.live/en/does-not-exist | F10: https://www.skoda-storyboard.com/en/does-not-exist/
A11: #274 | B11: P3 | C11: Press release | D11: PDF card icon differs (48px grey vs 64×52 white) | E11: https://main--demo--skoda-storyboard.aem.live/en/press-releases/skoda-auto-klaus-zellmer-to-leave-the-company | F11: https://www.skoda-storyboard.com/en/press-releases/skoda-auto-klaus-zellmer-to-leave-the-company/
A12: #342 / #447 | B12: P2 | C12: Home / listings | D12: Content freshness: feed / index newest 15–20 Oct vs source 27 Oct | E12: https://main--demo--skoda-storyboard.aem.live/en/images | F12: https://www.skoda-storyboard.com/en/images/
... A18: Not raised | B18: P3 | C18: Model page | D18: Superb rails: News 8 vs 10, Press Kits 7 vs 10; Sportline Footage 9:16 video missing | E18: https://main--demo--skoda-storyboard.aem.live/en/skoda-model/new-superb | F18: https://www.skoda-storyboard.com/en/skoda-model/new-superb/
